iteration,time,id,x,y,dx,dy
0,0.0,0,339.03607,204.0435,0.036071777,0.043502808
1,0.008333333333333333,0,339.02963,204.25882,-0.006439209,0.21531677
2,0.016666666666666666,0,339.04312,204.25888,0.0134887695,6.1035156e-05
3,0.025,0,338.97763,204.01222,-0.06549072,-0.24665833
4,0.03333333333333333,0,338.96613,204.0128,-0.011505127,0.000579834
5,0.041666666666666664,0,338.98468,204.14357,0.018554688,0.13076782
6,0.05,0,338.99396,204.18567,0.009277344,0.042099
7,0.058333333333333334,0,338.941,203.92151,-0.052947998,-0.26416016
8,0.06666666666666667,0,338.93958,204.11427,-0.0014343262,0.19276428
9,0.075,0,338.9667,204.14566,0.027130127,0.03138733
10,0.08333333333333333,0,338.97977,204.21968,0.013061523,0.074020386
11,0.09166666666666666,0,338.91,203.98886,-0.06976318,-0.2308197
12,0.1,0,338.91742,204.20897,0.0074157715,0.22010803
13,0.10833333333333334,0,338.9329,204.21799,0.015472412,0.009017944
14,0.11666666666666667,0,338.92957,203.9475,-0.003326416,-0.27049255
15,0.125,0,338.96237,204.07918,0.032806396,0.13168335
16,0.13333333333333333,0,338.9928,204.16302,0.030426025,0.083847046
17,0.14166666666666666,0,338.99075,204.17012,-0.0020446777,0.007095337
18,0.15,0,338.9812,204.17793,-0.009552002,0.0078125
19,0.15833333333333333,0,338.9746,204.2041,-0.006591797,0.026168823
20,0.16666666666666666,0,338.96655,204.15369,-0.008056641,-0.05041504
21,0.175,0,338.9666,204.15375,6.1035156e-05,6.1035156e-05
22,0.18333333333333332,0,338.97214,204.17258,0.0055236816,0.018829346
23,0.19166666666666668,0,338.97263,204.1755,0.00048828125,0.0029296875
24,0.2,0,338.94073,203.93292,-0.03189087,-0.24258423
25,0.20833333333333334,0,338.92685,203.99956,-0.013885498,0.06663513
26,0.21666666666666667,0,338.9585,204.24023,0.03164673,0.24067688
27,0.225,0,338.96024,204.09981,0.001739502,-0.14042664
28,0.23333333333333334,0,338.93555,203.92297,-0.02468872,-0.1768341
29,0.24166666666666667,0,338.95795,204.1598,0.022399902,0.23683167
30,0.25,0,338.9899,204.17397,0.031951904,0.014160156
31,0.25833333333333336,0,338.99344,204.1735,0.003540039,-0.00047302246
32,0.26666666666666666,0,338.99268,204.16998,-0.00076293945,-0.0035095215
33,0.275,0,338.99518,204.18466,0.0025024414,0.014678955
34,0.2833333333333333,0,338.97745,204.13605,-0.017730713,-0.048614502
35,0.2916666666666667,0,338.93652,203.94316,-0.040924072,-0.19288635
36,0.3,0,338.94427,204.20776,0.007751465,0.26460266
37,0.30833333333333335,0,338.94385,204.20909,-0.0004272461,0.0013275146
38,0.31666666666666665,0,338.91977,204.12425,-0.02407837,-0.08483887
39,0.325,0,338.93594,204.15176,0.016174316,0.027511597
40,0.3333333333333333,0,338.93823,204.19621,0.0022888184,0.044448853
41,0.3416666666666667,0,338.93356,203.93355,-0.0046691895,-0.2626648
42,0.35,0,338.95108,204.1664,0.01751709,0.23284912
43,0.35833333333333334,0,338.97513,204.18927,0.024047852,0.022872925
44,0.36666666666666664,0,338.95688,203.92146,-0.018249512,-0.267807
45,0.375,0,338.99017,204.04497,0.033294678,0.12350464
46,0.38333333333333336,0,338.99277,204.19708,0.0025939941,0.15211487
47,0.39166666666666666,0,338.98877,204.20142,-0.0039978027,0.004333496
48,0.4,0,338.97574,204.01826,-0.013031006,-0.18315125
49,0.4083333333333333,0,338.9601,204.00044,-0.015625,-0.017822266
50,0.4166666666666667,0,338.94736,204.19536,-0.012756348,0.19491577
51,0.425,0,338.91653,203.93921,-0.030822754,-0.2561493
52,0.43333333333333335,0,338.93115,204.14882,0.01461792,0.20960999
53,0.44166666666666665,0,338.93845,204.17105,0.007293701,0.022232056
54,0.45,0,338.9628,204.19826,0.024353027,0.02720642
55,0.4583333333333333,0,338.9533,203.99565,-0.009490967,-0.2026062
56,0.4666666666666667,0,338.9699,204.21245,0.016601562,0.21679688
57,0.475,0,338.9769,204.21518,0.0069885254,0.0027313232
58,0.48333333333333334,0,338.96872,204.1849,-0.008178711,-0.030273438
59,0.49166666666666664,0,338.96298,204.15823,-0.0057373047,-0.026672363
60,0.5,0,338.9695,204.16837,0.0065307617,0.010131836
61,0.5083333333333333,0,338.96625,204.18243,-0.0032653809,0.0140686035
62,0.5166666666666667,0,338.95,203.99484,-0.016235352,-0.18759155
63,0.525,0,338.95215,204.18044,0.0021362305,0.18559265
64,0.5333333333333333,0,338.95645,204.18974,0.0043029785,0.009307861
65,0.5416666666666666,0,338.9562,204.16307,-0.00024414062,-0.026672363
66,0.55,0,338.9609,204.1567,0.004699707,-0.006378174
67,0.5583333333333333,0,338.96613,204.17453,0.005218506,0.017837524
68,0.5666666666666667,0,338.96655,204.19235,0.0004272461,0.017822266
69,0.575,0,338.94803,203.96254,-0.01852417,-0.22981262
70,0.5833333333333334,0,338.97308,204.19771,0.025054932,0.23516846
71,0.5916666666666667,0,338.94647,203.9447,-0.026611328,-0.25300598
72,0.6,0,338.9528,204.17499,0.0063171387,0.23028564
73,0.6083333333333333,0,338.9554,204.18979,0.0026245117,0.014801025
74,0.6166666666666667,0,338.95258,204.19861,-0.0028381348,0.00881958
75,0.625,0,338.93512,203.95041,-0.017456055,-0.24819946
76,0.6333333333333333,0,338.96194,204.041,0.026824951,0.09059143
77,0.6416666666666667,0,338.9787,204.26273,0.01675415,0.22172546
78,0.65,0,338.96838,204.06563,-0.010314941,-0.19709778
79,0.6583333333333333,0,338.94394,204.02113,-0.02444458,-0.04449463
80,0.6666666666666666,0,338.95078,204.17282,0.0068359375,0.15168762
81,0.675,0,338.97403,204.18959,0.023254395,0.01676941
82,0.6833333333333333,0,338.94012,203.9405,-0.03390503,-0.24908447
83,0.6916666666666667,0,338.94086,204.1322,0.0007324219,0.19169617
84,0.7,0,338.97644,204.20383,0.035583496,0.071624756
85,0.7083333333333334,0,338.97955,204.2113,0.003112793,0.0074768066
86,0.7166666666666667,0,338.9443,204.13153,-0.035247803,-0.07977295
87,0.725,0,338.9627,204.18762,0.0184021,0.05609131
88,0.7333333333333333,0,338.96246,204.18808,-0.00024414062,0.00045776367
89,0.7416666666666667,0,338.93307,203.93732,-0.029388428,-0.25076294
90,0.75,0,338.9387,204.07384,0.0056152344,0.13652039
91,0.7583333333333333,0,338.96988,204.18607,0.031188965,0.11222839
92,0.7666666666666667,0,338.97513,204.21426,0.0052490234,0.028198242
93,0.775,0,338.94852,204.09776,-0.026611328,-0.116500854
94,0.7833333333333333,0,338.9334,204.04935,-0.015106201,-0.048416138
95,0.7916666666666666,0,338.98676,204.2546,0.053344727,0.20524597
96,0.8,0,338.9739,204.23819,-0.0128479,-0.016403198
97,0.8083333333333333,0,338.97424,203.97919,0.00033569336,-0.2590027
98,0.8166666666666667,0,338.9745,204.10631,0.00024414062,0.12712097
99,0.825,0,338.9785,204.17628,0.0039978027,0.06997681
100,0.8333333333333334,0,338.95227,203.97627,-0.0262146,-0.2000122
101,0.8416666666666667,0,338.96945,204.2097,0.017181396,0.23342896
102,0.85,0,338.9931,204.22726,0.023651123,0.017562866
103,0.8583333333333333,0,338.94794,203.9521,-0.045166016,-0.27516174
104,0.8666666666666667,0,338.94858,204.17845,0.00064086914,0.22634888
105,0.875,0,338.95966,204.20596,0.011077881,0.027511597
106,0.8833333333333333,0,338.95273,204.2146,-0.0069274902,0.008636475
107,0.8916666666666667,0,338.95203,204.21547,-0.0007019043,0.000869751
108,0.9,0,338.97598,204.24463,0.023956299,0.029159546
109,0.9083333333333333,0,338.9671,204.15889,-0.008880615,-0.085739136
110,0.9166666666666666,0,338.95724,203.9635,-0.009857178,-0.1953888
111,0.925,0,338.95624,204.20378,-0.0010070801,0.24028015
112,0.9333333333333333,0,338.97134,204.21242,0.015106201,0.008636475
113,0.9416666666666667,0,338.94257,203.96072,-0.028778076,-0.25169373
114,0.95,0,338.93307,204.03079,-0.009490967,0.07006836
115,0.9583333333333334,0,338.97125,204.19348,0.03817749,0.16268921
116,0.9666666666666667,0,338.96823,204.15707,-0.0030212402,-0.03640747
117,0.975,0,338.94034,203.95444,-0.027893066,-0.20263672
118,0.9833333333333333,0,338.95886,204.19896,0.01852417,0.2445221
119,0.9916666666666667,0,338.97156,204.21529,0.0126953125,0.016326904
120,1.0,0,338.9757,204.217,0.0041503906,0.0017089844
121,1.0083333333333333,0,338.96475,204.07103,-0.010955811,-0.14596558
122,1.0166666666666666,0,338.9811,204.18382,0.016357422,0.11279297
123,1.025,0,338.98303,204.21013,0.0019226074,0.026306152
124,1.0333333333333334,0,338.9639,204.16475,-0.019134521,-0.04537964
125,1.0416666666666667,0,338.96408,203.98018,0.00018310547,-0.18457031
126,1.05,0,338.98105,204.23909,0.016967773,0.25891113
127,1.0583333333333333,0,338.9737,204.22548,-0.0073547363,-0.01361084
128,1.0666666666666667,0,338.92334,203.97435,-0.050354004,-0.25112915
129,1.075,0,338.9326,204.06352,0.009246826,0.08917236
130,1.0833333333333333,0,338.95273,204.21063,0.020141602,0.14710999
131,1.0916666666666666,0,338.96234,204.23874,0.009613037,0.02810669
132,1.1,0,338.93454,204.10284,-0.027801514,-0.13589478
133,1.1083333333333334,0,338.93805,204.19604,0.0035095215,0.09320068
134,1.1166666666666667,0,338.95996,204.22543,0.021911621,0.029388428
135,1.125,0,338.9586,204.2182,-0.001373291,-0.007232666
136,1.1333333333333333,0,338.93597,204.15326,-0.022613525,-0.064941406
137,1.1416666666666666,0,338.95404,204.19057,0.018066406,0.03730774
138,1.15,0,338.96515,204.21733,0.011108398,0.026763916
139,1.1583333333333334,0,338.95477,204.0051,-0.010375977,-0.2122345
140,1.1666666666666667,0,338.9719,204.23795,0.017120361,0.23284912
141,1.175,0,338.97244,204.23528,0.0005493164,-0.002670288
142,1.1833333333333333,0,338.9651,204.2171,-0.0073547363,-0.018173218
143,1.1916666666666667,0,338.94064,203.97083,-0.02444458,-0.24627686
144,1.2,0,338.95532,204.23567,0.014678955,0.2648468
145,1.2083333333333333,0,338.9572,204.00694,0.0018920898,-0.22872925
146,1.2166666666666666,0,338.9578,204.0241,0.000579834,0.017150879
147,1.225,0,338.96082,204.2198,0.0030212402,0.19570923
148,1.2333333333333334,0,338.97058,204.21706,0.009765625,-0.002746582
149,1.2416666666666667,0,338.96902,203.97078,-0.0015563965,-0.24627686
150,1.25,0,338.95807,204.17766,-0.010955811,0.20687866
151,1.2583333333333333,0,338.97208,204.1902,0.014007568,0.012542725
152,1.2666666666666666,0,338.96768,204.20251,-0.0043945312,0.012313843
153,1.275,0,338.9341,204.0663,-0.033569336,-0.13621521
154,1.2833333333333334,0,338.9512,204.15276,0.017089844,0.0864563
155,1.2916666666666667,0,338.95087,204.15549,-0.00033569336,0.0027313232
156,1.3,0,338.94543,203.9542,-0.005432129,-0.20129395
157,1.3083333333333333,0,338.9498,204.17767,0.0043640137,0.22348022
158,1.3166666666666667,0,338.9488,204.18883,-0.0010070801,0.011154175
159,1.325,0,338.95624,204.2171,0.007446289,0.028274536
160,1.3333333333333333,0,338.94452,204.00757,-0.01171875,-0.20953369
161,1.3416666666666666,0,338.95905,204.22777,0.014526367,0.22019958
162,1.35,0,338.95752,204.22958,-0.0015258789,0.0018157959
163,1.3583333333333334,0,338.95508,203.96869,-0.0024414062,-0.26089478
164,1.3666666666666667,0,338.96475,204.2001,0.009674072,0.2314148
165,1.375,0,338.9827,204.2314,0.017944336,0.031295776
166,1.3833333333333333,0,338.97723,204.22906,-0.0054626465,-0.0023345947
167,1.3916666666666666,0,338.95047,203.96237,-0.026763916,-0.26669312
168,1.4,0,338.93192,204.04291,-0.018554688,0.08053589
169,1.4083333333333334,0,338.91476,204.07556,-0.017150879,0.03265381
170,1.4166666666666667,0,338.91974,204.0348,0.0049743652,-0.040756226
171,1.425,0,338.94736,204.23227,0.027618408,0.19746399
172,1.4333333333333333,0,338.95572,204.2255,0.008361816,-0.0067749023
173,1.4416666666666667,0,338.9353,203.96777,-0.02041626,-0.25772095
174,1.45,0,338.94995,204.10732,0.0146484375,0.13954163
175,1.4583333333333333,0,338.95856,204.18248,0.008605957,0.075164795
176,1.4666666666666666,0,338.94812,204.12575,-0.010437012,-0.056732178
177,1.475,0,338.94833,204.05371,0.00021362305,-0.07203674
178,1.4833333333333334,0,338.96573,204.17009,0.01739502,0.116378784
179,1.4916666666666667,0,338.98795,204.22789,0.022216797,0.057800293
180,1.5,0,338.98538,204.221,-0.0025634766,-0.0068969727
181,1.5083333333333333,0,338.94968,204.11676,-0.035705566,-0.10423279
182,1.5166666666666666,0,338.97116,204.18236,0.021484375,0.065597534
183,1.525,0,338.95682,204.12149,-0.014343262,-0.06086731
184,1.5333333333333334,0,338.94662,204.0641,-0.010192871,-0.057388306
185,1.5416666666666667,0,338.96042,204.15173,0.013793945,0.087631226
186,1.55,0,338.97034,204.18567,0.009918213,0.033935547
187,1.5583333333333333,0,338.96582,204.18706,-0.0045166016,0.0013885498
188,1.5666666666666667,0,338.95328,204.14215,-0.012542725,-0.044906616
189,1.575,0,338.9728,204.16579,0.01953125,0.023635864
190,1.5833333333333333,0,338.9721,204.19864,-0.0007019043,0.032852173
191,1.5916666666666666,0,338.95157,204.03275,-0.02053833,-0.16589355
192,1.6,0,338.95508,204.20525,0.0035095215,0.17250061
193,1.6083333333333334,0,338.9637,204.21259,0.008636475,0.0073394775
194,1.6166666666666667,0,338.9727,204.19257,0.008972168,-0.020019531
195,1.625,0,338.952,204.17976,-0.020690918,-0.012802124
196,1.6333333333333333,0,338.96198,204.2025,0.009979248,0.022735596
197,1.6416666666666666,0,338.9607,204.2169,-0.0012817383,0.014404297
198,1.65,0,338.95126,204.0609,-0.009429932,-0.15600586
199,1.6583333333333334,0,338.9472,204.22672,-0.004058838,0.16581726
200,1.6666666666666667,0,338.95224,204.22577,0.0050354004,-0.0009460449
201,1.675,0,338.92926,203.98756,-0.022979736,-0.23820496
202,1.6833333333333333,0,338.94904,204.19275,0.01977539,0.20518494
203,1.6916666666666667,0,338.96863,204.20598,0.019592285,0.01322937
204,1.7,0,338.94736,204.00505,-0.021270752,-0.20092773
205,1.7083333333333333,0,338.95444,204.05975,0.007080078,0.05470276
206,1.7166666666666666,0,338.96323,204.15895,0.0087890625,0.09919739
207,1.725,0,338.95676,204.1428,-0.0064697266,-0.016143799
208,1.7333333333333334,0,338.94104,203.98317,-0.015716553,-0.15963745
209,1.7416666666666667,0,338.9628,204.20398,0.021759033,0.22080994
210,1.75,0,338.9588,204.20386,-0.0039978027,-0.00012207031
211,1.7583333333333333,0,338.94775,203.9915,-0.011047363,-0.21235657
212,1.7666666666666666,0,338.98422,204.19577,0.036468506,0.20426941
213,1.775,0,338.98105,204.21568,-0.0031738281,0.01991272
214,1.7833333333333334,0,338.95712,204.14029,-0.023925781,-0.07539368
215,1.7916666666666667,0,338.9383,204.0342,-0.018829346,-0.10609436
216,1.8,0,338.95325,204.18701,0.014953613,0.15281677
217,1.8083333333333333,0,338.9777,204.22295,0.02444458,0.03593445
218,1.8166666666666667,0,338.9437,203.9569,-0.033996582,-0.26605225
219,1.825,0,338.94318,204.1122,-0.0005187988,0.15530396
220,1.8333333333333333,0,338.98267,204.1732,0.039489746,0.06100464
221,1.8416666666666666,0,338.98105,204.21162,-0.0016174316,0.03842163
222,1.85,0,338.94058,203.96072,-0.04046631,-0.25090027
223,1.8583333333333334,0,338.95355,204.20178,0.012969971,0.24105835
224,1.8666666666666667,0,338.97195,204.23581,0.0184021,0.0340271
225,1.875,0,338.9678,204.23132,-0.0041503906,-0.004486084
226,1.8833333333333333,0,338.93387,203.96338,-0.033935547,-0.26794434
227,1.8916666666666666,0,338.91318,204.11742,-0.020690918,0.15403748
228,1.9,0,338.93454,204.06581,0.021362305,-0.051605225
229,1.9083333333333334,0,338.93423,204.05998,-0.00030517578,-0.0058288574
230,1.9166666666666667,0,338.96722,204.18765,0.032989502,0.12767029
231,1.925,0,338.98276,204.20619,0.015533447,0.018539429
232,1.9333333333333333,0,338.97974,204.20718,-0.0030212402,0.0009918213
233,1.9416666666666667,0,338.9581,204.18155,-0.021636963,-0.025634766
234,1.95,0,338.95297,204.18585,-0.005126953,0.0043029785
235,1.9583333333333333,0,338.95242,204.20683,-0.0005493164,0.020980835
236,1.9666666666666666,0,338.93365,204.01854,-0.01876831,-0.18829346
237,1.975,0,338.9305,204.03752,-0.0031433105,0.018981934
238,1.9833333333333334,0,338.977,204.23741,0.04647827,0.19989014
239,1.9916666666666667,0,338.96924,204.15648,-0.007751465,-0.08093262
240,2.0,0,338.9326,203.9408,-0.03665161,-0.21568298
241,2.0083333333333333,0,338.93478,204.21284,0.0021972656,0.27204895
242,2.0166666666666666,0,338.9419,204.22678,0.0071105957,0.013931274
243,2.025,0,338.93466,203.98218,-0.007232666,-0.24459839
244,2.033333333333333,0,338.9604,204.19867,0.025726318,0.2164917
245,2.0416666666666665,0,338.97638,204.20969,0.015991211,0.011016846
246,2.05,0,338.96844,204.16847,-0.00793457,-0.04121399
247,2.058333333333333,0,338.9514,204.16943,-0.017059326,0.0009613037
248,2.066666666666667,0,338.95782,204.18816,0.006439209,0.018722534
249,2.075,0,338.95273,204.20499,-0.0050964355,0.016830444
250,2.0833333333333335,0,338.9261,204.05457,-0.026641846,-0.15042114
251,2.091666666666667,0,338.94003,204.17896,0.013946533,0.12438965
252,2.1,0,338.95648,204.19736,0.016448975,0.0184021
253,2.1083333333333334,0,338.94214,204.13387,-0.014343262,-0.06349182
254,2.1166666666666667,0,338.93356,203.92935,-0.008575439,-0.20451355
255,2.125,0,338.9467,204.18822,0.013122559,0.25886536
256,2.1333333333333333,0,338.95093,204.19138,0.0042419434,0.0031585693
257,2.1416666666666666,0,338.95532,203.95898,0.0043945312,-0.23239136
258,2.15,0,338.96033,204.22568,0.005004883,0.26669312
259,2.158333333333333,0,338.97275,204.22443,0.012420654,-0.0012512207
260,2.1666666666666665,0,338.9844,204.06639,0.011657715,-0.15803528
261,2.175,0,338.96194,204.20613,-0.022460938,0.13973999
262,2.183333333333333,0,338.97784,204.21115,0.015899658,0.0050201416
263,2.191666666666667,0,338.946,204.20435,-0.031829834,-0.00680542
264,2.2,0,338.92383,203.96706,-0.02218628,-0.23728943
265,2.2083333333333335,0,338.92758,204.13527,0.003753662,0.16821289
266,2.216666666666667,0,338.93637,204.16681,0.0087890625,0.031539917
267,2.225,0,338.93765,204.12216,0.0012817383,-0.044647217
268,2.2333333333333334,0,338.92517,204.06227,-0.012481689,-0.059890747
269,2.2416666666666667,0,338.95575,204.19449,0.030578613,0.1322174
270,2.25,0,338.95547,204.18892,-0.0002746582,-0.005569458
271,2.2583333333333333,0,338.93594,203.9441,-0.01953125,-0.24481201
272,2.2666666666666666,0,338.96188,204.19612,0.025939941,0.25201416
273,2.275,0,338.97052,204.21463,0.008636475,0.018508911
274,2.283333333333333,0,338.95703,204.04063,-0.0134887695,-0.17399597
275,2.2916666666666665,0,338.95456,204.03444,-0.0024719238,-0.0061950684
276,2.3,0,338.95773,204.20393,0.0031738281,0.16949463
277,2.308333333333333,0,338.96866,204.22603,0.010925293,0.022094727
278,2.316666666666667,0,338.93723,203.96257,-0.031433105,-0.26345825
279,2.325,0,338.94324,204.17883,0.006011963,0.21626282
280,2.3333333333333335,0,338.9522,204.20868,0.008972168,0.029846191
281,2.341666666666667,0,338.93698,203.98985,-0.0152282715,-0.2188263
282,2.35,0,338.94284,204.00504,0.005859375,0.015182495
283,2.3583333333333334,0,338.9594,204.23004,0.016571045,0.2250061
284,2.3666666666666667,0,338.96375,204.22966,0.004333496,-0.00038146973
285,2.375,0,338.9397,203.95782,-0.024047852,-0.27183533
286,2.3833333333333333,0,338.94147,204.18118,0.0017700195,0.22335815
287,2.3916666666666666,0,338.9557,204.19882,0.014221191,0.01763916
288,2.4,0,338.94727,203.95567,-0.008422852,-0.2431488
289,2.408333333333333,0,338.93195,204.04198,-0.015319824,0.08630371
290,2.4166666666666665,0,338.9595,204.23302,0.027557373,0.19104004
291,2.425,0,338.97653,204.2328,0.017028809,-0.00021362305
292,2.433333333333333,0,338.955,204.17046,-0.02154541,-0.062347412
293,2.441666666666667,0,338.962,204.17924,0.007019043,0.0087890625
294,2.45,0,338.9625,204.17943,0.00048828125,0.00018310547
295,2.4583333333333335,0,338.96228,204.18011,-0.00021362305,0.0006866455
296,2.466666666666667,0,338.94647,204.13434,-0.015808105,-0.045776367
297,2.475,0,338.95834,204.1697,0.011871338,0.035354614
298,2.4833333333333334,0,338.95886,204.1952,0.0005187988,0.025512695
299,2.4916666666666667,0,338.92657,203.98848,-0.032287598,-0.20672607
300,2.5,0,338.9473,204.21854,0.020721436,0.23005676
301,2.5083333333333333,0,338.92593,203.9583,-0.021362305,-0.26023865
302,2.5166666666666666,0,338.9074,204.04977,-0.01852417,0.09147644
303,2.525,0,338.96436,204.16481,0.0569458,0.11503601
304,2.533333333333333,0,338.9296,204.1117,-0.03475952,-0.053115845
305,2.5416666666666665,0,338.91528,204.0302,-0.014312744,-0.08149719
306,2.55,0,338.9578,204.185,0.042510986,0.15480042
307,2.558333333333333,0,338.97824,204.2089,0.020446777,0.023895264
308,2.566666666666667,0,338.94925,203.9526,-0.0289917,-0.25628662
309,2.575,0,338.94724,204.14601,-0.0020141602,0.19340515
310,2.5833333333333335,0,338.96146,204.19946,0.014221191,0.053451538
311,2.591666666666667,0,338.95682,204.0371,-0.004638672,-0.16236877
312,2.6,0,338.9462,204.03247,-0.010620117,-0.004623413
313,2.6083333333333334,0,338.97067,204.19612,0.024475098,0.16365051
314,2.6166666666666667,0,338.95493,204.16824,-0.01574707,-0.027877808
315,2.625,0,338.9284,203.93848,-0.026519775,-0.22976685
316,2.6333333333333333,0,338.9318,204.17238,0.0033874512,0.23390198
317,2.6416666666666666,0,338.93906,204.18289,0.0072631836,0.010513306
318,2.65,0,338.94498,204.19156,0.00592041,0.008666992
319,2.658333333333333,0,338.92993,204.04451,-0.015045166,-0.14704895
320,2.6666666666666665,0,338.96252,204.21823,0.032592773,0.17372131
321,2.675,0,338.9623,204.18442,-0.00021362305,-0.033813477
322,2.683333333333333,0,338.9323,203.97139,-0.02999878,-0.21302795
323,2.691666666666667,0,338.9375,204.1643,0.0051879883,0.19291687
324,2.7,0,338.9506,204.17162,0.013092041,0.00730896
325,2.7083333333333335,0,338.9573,204.19797,0.006713867,0.026351929
326,2.716666666666667,0,338.92435,204.0088,-0.032958984,-0.18916321
327,2.725,0,338.93466,204.17722,0.010314941,0.16841125
328,2.7333333333333334,0,338.9543,204.19106,0.01965332,0.013839722
329,2.7416666666666667,0,338.92813,203.9722,-0.026184082,-0.21885681
330,2.75,0,338.94037,204.14499,0.012237549,0.17279053
331,2.7583333333333333,0,338.95837,204.17062,0.018005371,0.025634766
332,2.7666666666666666,0,338.9835,204.21422,0.025115967,0.04359436
333,2.775,0,338.95847,203.9771,-0.025024414,-0.23712158
334,2.783333333333333,0,338.9562,204.20122,-0.0022583008,0.2241211
335,2.7916666666666665,0,338.97064,204.20879,0.014434814,0.0075683594
336,2.8,0,338.9631,204.16096,-0.007537842,-0.047821045
337,2.808333333333333,0,338.93683,203.93803,-0.026275635,-0.22293091
338,2.816666666666667,0,338.94156,204.1905,0.0047302246,0.25247192
339,2.825,0,338.97495,204.20145,0.03338623,0.010940552
340,2.8333333333333335,0,338.9534,203.94025,-0.02154541,-0.26119995
341,2.841666666666667,0,338.93488,204.09543,-0.01852417,0.15518188
342,2.85,0,338.95795,204.18492,0.023071289,0.0894928
343,2.8583333333333334,0,338.98297,204.21985,0.025024414,0.03492737
344,2.8666666666666667,0,338.94003,203.96556,-0.042938232,-0.25428772
345,2.875,0,338.937,204.22672,-0.0030212402,0.26115417
346,2.8833333333333333,0,338.95422,204.21405,0.017211914,-0.012664795
347,2.8916666666666666,0,338.9541,204.20996,-0.00012207031,-0.0040893555
348,2.9,0,338.93488,203.9499,-0.019226074,-0.26005554
349,2.908333333333333,0,338.97174,204.22177,0.036865234,0.27186584
350,2.9166666666666665,0,338.9673,204.21904,-0.0044555664,-0.0027313232
351,2.925,0,338.95676,204.09534,-0.010528564,-0.123703
352,2.933333333333333,0,338.93744,204.06099,-0.019317627,-0.034347534
353,2.941666666666667,0,338.95938,204.15424,0.021942139,0.09324646
354,2.95,0,338.97845,204.17493,0.019073486,0.020690918
355,2.9583333333333335,0,338.9792,204.17699,0.0007324219,0.0020599365
356,2.966666666666667,0,338.95093,204.16045,-0.028259277,-0.016540527
357,2.975,0,338.96002,204.1908,0.009094238,0.030349731
358,2.9833333333333334,0,338.95026,204.08548,-0.009765625,-0.10531616
359,2.9916666666666667,0,338.92206,204.05646,-0.028198242,-0.029022217
360,3.0,0,338.96365,204.18486,0.04159546,0.12840271
361,3.0083333333333333,0,338.9564,204.1758,-0.0072631836,-0.009063721
362,3.0166666666666666,0,338.9356,203.91489,-0.02078247,-0.26091003
363,3.025,0,338.93735,204.14854,0.001739502,0.23365784
364,3.033333333333333,0,338.9588,204.15959,0.021453857,0.011047363
365,3.0416666666666665,0,338.96735,204.18852,0.008544922,0.028930664
366,3.05,0,338.95535,204.02417,-0.011993408,-0.16435242
367,3.058333333333333,0,338.94806,204.20244,-0.007293701,0.17826843
368,3.066666666666667,0,338.95105,204.14835,0.0029907227,-0.054092407
369,3.075,0,338.91956,203.90147,-0.03149414,-0.24687195
370,3.0833333333333335,0,338.92685,204.17004,0.007293701,0.26856995
371,3.091666666666667,0,338.9392,204.18553,0.012359619,0.015487671
372,3.1,0,338.94293,204.18828,0.0037231445,0.002746582
373,3.1083333333333334,0,338.9387,203.97272,-0.0042419434,-0.21556091
374,3.1166666666666667,0,338.9095,204.04834,-0.029205322,0.07562256
375,3.125,0,338.95688,204.23692,0.0473938,0.18858337
376,3.1333333333333333,0,338.95728,204.08914,0.00039672852,-0.14778137
377,3.1416666666666666,0,338.9286,203.99457,-0.028686523,-0.094573975
378,3.15,0,338.9467,204.18336,0.018096924,0.188797
379,3.158333333333333,0,338.96198,204.18225,0.015289307,-0.0011138916
380,3.1666666666666665,0,338.93875,203.96623,-0.023223877,-0.21601868
381,3.175,0,338.96002,204.21715,0.021270752,0.25091553
382,3.183333333333333,0,338.9604,204.21724,0.00036621094,9.1552734e-05
383,3.191666666666667,0,338.94162,204.12064,-0.01876831,-0.09660339
384,3.2,0,338.92432,204.03194,-0.017303467,-0.08869934
385,3.2083333333333335,0,338.96545,204.20169,0.041137695,0.16975403
386,3.216666666666667,0,338.96628,204.20009,0.0008239746,-0.0016021729
387,3.225,0,338.93555,204.12744,-0.030731201,-0.072647095
388,3.2333333333333334,0,338.95474,204.1606,0.019195557,0.03315735
389,3.2416666666666667,0,338.96228,204.18408,0.007537842,0.023483276
390,3.25,0,338.93805,203.95787,-0.024230957,-0.22621155
391,3.2583333333333333,0,338.94092,204.1919,0.0028686523,0.23402405
392,3.2666666666666666,0,338.9697,204.1962,0.028778076,0.0043029785
393,3.275,0,338.94308,203.93852,-0.026611328,-0.25767517
394,3.283333333333333,0,338.94263,204.14807,-0.00045776367,0.20954895
395,3.2916666666666665,0,338.96,204.16603,0.017364502,0.017959595
396,3.3,0,338.9634,204.19592,0.0034179688,0.029891968
397,3.308333333333333,0,338.9468,204.0302,-0.016601562,-0.16572571
398,3.316666666666667,0,338.9456,204.01724,-0.0012207031,-0.012954712
399,3.325,0,338.96237,204.21269,0.016784668,0.19544983
400,3.3333333333333335,0,338.9483,204.17873,-0.0140686035,-0.033966064
401,3.341666666666667,0,338.93195,203.916,-0.016357422,-0.26272583
402,3.35,0,338.92975,204.14758,-0.0021972656,0.23158264
403,3.3583333333333334,0,338.94394,204.18005,0.014190674,0.032470703
404,3.3666666666666667,0,338.95203,204.00378,0.008087158,-0.17626953
405,3.375,0,338.94443,204.00821,-0.007598877,0.004425049
406,3.3833333333333333,0,338.93756,204.21565,-0.006866455,0.20744324
407,3.3916666666666666,0,338.92334,203.94722,-0.014221191,-0.26843262
408,3.4,0,338.92783,204.17387,0.004486084,0.22665405
409,3.408333333333333,0,338.95886,204.19067,0.031036377,0.016799927
410,3.4166666666666665,0,338.94687,203.98798,-0.011993408,-0.20269775
411,3.425,0,338.93787,204.039,-0.009002686,0.05102539
412,3.433333333333333,0,338.92853,204.18852,-0.009338379,0.14952087
413,3.441666666666667,0,338.9449,204.1463,0.016357422,-0.04222107
414,3.45,0,338.9291,203.93567,-0.015777588,-0.21063232
415,3.4583333333333335,0,338.93246,204.17459,0.0033569336,0.23892212
416,3.466666666666667,0,338.95752,204.19406,0.025054932,0.019470215
417,3.475,0,338.93475,203.9803,-0.022766113,-0.21376038
418,3.4833333333333334,0,338.94244,204.01785,0.0076904297,0.03755188
419,3.4916666666666667,0,338.97162,204.22556,0.029174805,0.20770264
420,3.5,0,338.944,204.14632,-0.027618408,-0.07923889
421,3.5083333333333333,0,338.9186,203.91933,-0.025390625,-0.22698975
422,3.5166666666666666,0,338.9523,204.20534,0.033691406,0.28601074
423,3.525,0,338.96017,204.20512,0.007873535,-0.00021362305
424,3.533333333333333,0,338.9311,203.94086,-0.029083252,-0.26426697
425,3.5416666666666665,0,338.94495,204.20811,0.0138549805,0.2672577
426,3.55,0,338.96628,204.21667,0.021331787,0.008560181
427,3.558333333333333,0,338.9381,204.125,-0.028167725,-0.091674805
428,3.566666666666667,0,338.9336,203.98848,-0.0045166016,-0.13652039
429,3.575,0,338.96494,204.2353,0.031341553,0.24682617
430,3.5833333333333335,0,338.945,203.96318,-0.019927979,-0.27212524
431,3.591666666666667,0,338.91776,204.14133,-0.027252197,0.17814636
432,3.6,0,338.94434,204.18457,0.02658081,0.04324341
433,3.6083333333333334,0,338.9396,204.00029,-0.0047302246,-0.1842804
434,3.6166666666666667,0,338.92444,204.0008,-0.015167236,0.00050354004
435,3.625,0,338.93097,204.20898,0.0065307617,0.20819092
436,3.6333333333333333,0,338.9448,204.18713,0.013824463,-0.021850586
437,3.6416666666666666,0,338.91638,203.93433,-0.028411865,-0.25280762
438,3.65,0,338.93454,204.2024,0.018157959,0.2680664
439,3.658333333333333,0,338.95657,204.20564,0.022033691,0.003250122
440,3.6666666666666665,0,338.94138,204.00159,-0.015197754,-0.20405579
441,3.675,0,338.96808,204.20395,0.02670288,0.20236206
442,3.683333333333333,0,338.96915,204.20128,0.0010681152,-0.002670288
443,3.691666666666667,0,338.96225,204.19292,-0.0068969727,-0.008361816
444,3.7,0,338.9484,203.94017,-0.0138549805,-0.25274658
445,3.7083333333333335,0,338.94705,204.14847,-0.0013427734,0.20829773
446,3.716666666666667,0,338.9701,204.18288,0.023040771,0.03440857
447,3.725,0,338.95306,203.97255,-0.017028809,-0.21032715
448,3.7333333333333334,0,338.93826,204.01408,-0.014801025,0.041534424
449,3.7416666666666667,0,338.93536,204.19139,-0.00289917,0.17730713
450,3.75,0,338.9319,204.14973,-0.003479004,-0.041656494
451,3.7583333333333333,0,338.9154,203.91277,-0.016479492,-0.236969
452,3.7666666666666666,0,338.91537,204.16241,-3.0517578e-05,0.24964905
453,3.775,0,338.93896,204.19159,0.023590088,0.029174805
454,3.783333333333333,0,338.95575,204.20964,0.016784668,0.018051147
455,3.7916666666666665,0,338.95114,203.99986,-0.0046081543,-0.20977783
456,3.8,0,338.96707,204.22116,0.015930176,0.22129822
457,3.808333333333333,0,338.97385,204.22809,0.0067749023,0.0069274902
458,3.816666666666667,0,338.95285,203.94614,-0.020996094,-0.2819519
459,3.825,0,338.95285,204.17859,0.0,0.2324524
460,3.8333333333333335,0,338.95978,204.19252,0.0069274902,0.013931274
461,3.841666666666667,0,338.93665,203.94487,-0.023132324,-0.24765015
462,3.85,0,338.9055,204.03703,-0.031158447,0.092163086
463,3.8583333333333334,0,338.9516,204.23145,0.04611206,0.19441223
464,3.8666666666666667,0,338.95212,204.04715,0.0005187988,-0.18429565
465,3.875,0,338.93027,204.00188,-0.021850586,-0.045272827
466,3.8833333333333333,0,338.9526,204.21947,0.022338867,0.21759033
467,3.8916666666666666,0,338.94345,204.196,-0.009155273,-0.023468018
468,3.9,0,338.92642,203.94342,-0.017028809,-0.25257874
469,3.908333333333333,0,338.94864,204.0744,0.022216797,0.13098145
470,3.9166666666666665,0,338.948,204.07117,-0.00064086914,-0.0032348633
471,3.925,0,338.93292,204.0229,-0.015075684,-0.04826355
472,3.933333333333333,0,338.94162,204.17084,0.00869751,0.14793396
473,3.941666666666667,0,338.96652,204.19614,0.024902344,0.025299072
474,3.95,0,338.9608,204.19328,-0.0057373047,-0.0028533936
475,3.9583333333333335,0,338.93576,204.14673,-0.025024414,-0.046554565
476,3.966666666666667,0,338.95016,204.16432,0.014404297,0.017593384
477,3.975,0,338.95938,204.19354,0.009216309,0.029220581
478,3.9833333333333334,0,338.92953,203.95392,-0.029846191,-0.23962402
479,3.9916666666666667,0,338.9641,204.18306,0.034576416,0.22914124
480,4.0,0,338.9766,204.18855,0.012481689,0.005493164
481,4.008333333333334,0,338.94424,203.93799,-0.032348633,-0.25056458
482,4.016666666666667,0,338.93405,204.1494,-0.010192871,0.21141052
483,4.025,0,338.95584,204.17902,0.02178955,0.02961731
484,4.033333333333333,0,338.9579,204.20384,0.0020446777,0.02482605
485,4.041666666666667,0,338.92203,203.97421,-0.035858154,-0.22962952
486,4.05,0,338.94394,204.21089,0.021911621,0.23667908
487,4.058333333333334,0,338.95416,204.22067,0.010223389,0.009780884
488,4.066666666666666,0,338.95312,204.15866,-0.0010375977,-0.06201172
489,4.075,0,338.93353,203.92201,-0.019592285,-0.23664856
490,4.083333333333333,0,338.93484,204.17369,0.0013122559,0.25167847
491,4.091666666666667,0,338.96198,204.18034,0.027130127,0.006652832
492,4.1,0,338.9453,203.94206,-0.016662598,-0.23828125
493,4.108333333333333,0,338.93738,204.0016,-0.00793457,0.059539795
494,4.116666666666666,0,338.98065,204.22278,0.043273926,0.22117615
495,4.125,0,338.95547,204.1489,-0.025177002,-0.07388306
496,4.133333333333334,0,338.93396,203.92981,-0.021514893,-0.2190857
497,4.141666666666667,0,338.9338,204.17549,-0.00015258789,0.24568176
498,4.15,0,338.95593,204.1829,0.022125244,0.0074157715
499,4.158333333333333,0,338.94867,203.959,-0.0072631836,-0.22390747
500,4.166666666666667,0,338.9487,204.0241,3.0517578e-05,0.065093994
501,4.175,0,338.93948,204.12555,-0.009216309,0.10145569
502,4.183333333333334,0,338.9592,204.16078,0.019714355,0.035232544
503,4.191666666666666,0,338.94684,204.13118,-0.012359619,-0.02960205
504,4.2,0,338.94366,204.14288,-0.0031738281,0.011703491
505,4.208333333333333,0,338.95322,204.16335,0.009552002,0.020462036
506,4.216666666666667,0,338.95343,204.17067,0.00021362305,0.0073242188
507,4.225,0,338.9304,204.0988,-0.023040771,-0.0718689
508,4.233333333333333,0,338.95523,204.15918,0.024841309,0.06037903
509,4.241666666666666,0,338.97632,204.20242,0.021087646,0.04324341
510,4.25,0,338.95224,203.94589,-0.02407837,-0.25653076
511,4.258333333333334,0,338.95566,204.20483,0.0034179688,0.25894165
512,4.266666666666667,0,338.9668,204.2133,0.011138916,0.008468628
513,4.275,0,338.9709,204.20644,0.0040893555,-0.006866455
514,4.283333333333333,0,338.95792,203.9434,-0.012969971,-0.263031
515,4.291666666666667,0,338.98328,204.22253,0.025360107,0.27912903
516,4.3,0,338.9829,204.22127,-0.00036621094,-0.0012664795
517,4.308333333333334,0,338.93512,204.01512,-0.047790527,-0.20614624
518,4.316666666666666,0,338.9231,203.99873,-0.012023926,-0.01638794
519,4.325,0,338.94745,204.22197,0.024353027,0.22323608
520,4.333333333333333,0,338.9585,204.22092,0.011047363,-0.0010528564
521,4.341666666666667,0,338.9636,204.19286,0.0050964355,-0.028060913
522,4.35,0,338.9463,203.93527,-0.017303467,-0.25758362
523,4.358333333333333,0,338.95468,204.21358,0.008392334,0.27830505
524,4.366666666666666,0,338.9468,204.02226,-0.007873535,-0.1913147
525,4.375,0,338.93668,204.02104,-0.010131836,-0.0012207031
526,4.383333333333334,0,338.95035,204.20792,0.013671875,0.18687439
527,4.391666666666667,0,338.97363,204.20006,0.023284912,-0.007858276
528,4.4,0,338.96594,204.18015,-0.0076904297,-0.01991272
529,4.408333333333333,0,338.9402,203.93872,-0.025756836,-0.24142456
530,4.416666666666667,0,338.96115,204.20471,0.020965576,0.2659912
531,4.425,0,338.9609,204.20769,-0.00024414062,0.0029754639
532,4.433333333333334,0,338.9459,203.97717,-0.015014648,-0.23051453
533,4.441666666666666,0,338.9576,204.20416,0.01171875,0.22698975
534,4.45,0,338.95026,204.16989,-0.0073547363,-0.03427124
535,4.458333333333333,0,338.9312,203.9248,-0.019042969,-0.24508667
536,4.466666666666667,0,338.93286,204.15349,0.0016479492,0.22868347
537,4.475,0,338.95316,204.17494,0.02029419,0.021453857
538,4.483333333333333,0,338.954,203.96024,0.0008544922,-0.21470642
539,4.491666666666666,0,338.94022,204.01823,-0.013793945,0.057998657
540,4.5,0,338.9699,204.24554,0.029693604,0.22731018
541,4.508333333333334,0,338.948,204.15605,-0.021911621,-0.0894928
542,4.516666666666667,0,338.92743,203.91122,-0.020568848,-0.24482727
543,4.525,0,338.95206,204.2035,0.024627686,0.2922821
544,4.533333333333333,0,338.95578,204.2065,0.0037231445,0.0029907227
545,4.541666666666667,0,338.93723,203.94275,-0.018554688,-0.26374817
546,4.55,0,338.9408,204.0251,0.0035705566,0.082351685
547,4.558333333333334,0,338.96307,204.23409,0.022277832,0.20898438
548,4.566666666666666,0,338.95093,204.02144,-0.012145996,-0.21264648
549,4.575,0,338.94742,203.98688,-0.0035095215,-0.034561157
550,4.583333333333333,0,338.95657,204.20525,0.009155273,0.21836853
551,4.591666666666667,0,338.96573,204.1868,0.009155273,-0.018447876
552,4.6,0,338.9316,203.926,-0.034118652,-0.26080322
553,4.608333333333333,0,338.90503,204.10211,-0.02658081,0.17611694
554,4.616666666666666,0,338.9354,204.17595,0.03036499,0.07383728
555,4.625,0,338.93546,204.0639,6.1035156e-05,-0.11204529
556,4.633333333333334,0,338.90894,204.01753,-0.026519775,-0.04637146
557,4.641666666666667,0,338.95767,204.20229,0.048736572,0.18475342
558,4.65,0,338.95673,204.17464,-0.0009460449,-0.027648926
559,4.658333333333333,0,338.94,203.92903,-0.016723633,-0.24560547
560,4.666666666666667,0,338.96033,204.18983,0.020324707,0.26080322
561,4.675,0,338.97415,204.20259,0.013824463,0.012756348
562,4.683333333333334,0,338.95135,204.08945,-0.02279663,-0.11314392
563,4.691666666666666,0,338.969,204.1426,0.01763916,0.053146362
564,4.7,0,338.9755,204.1659,0.006500244,0.02330017
565,4.708333333333333,0,338.97522,204.16556,-0.0002746582,-0.00033569336
566,4.716666666666667,0,338.9597,204.14664,-0.015533447,-0.018920898
567,4.725,0,338.96466,204.15187,0.0049743652,0.0052337646
568,4.733333333333333,0,338.9678,204.16875,0.0031433105,0.01687622
569,4.741666666666666,0,338.95758,203.9903,-0.010223389,-0.17845154
570,4.75,0,338.95355,203.99054,-0.0040283203,0.00024414062
571,4.758333333333334,0,338.9619,204.2025,0.008361816,0.21195984
572,4.766666666666667,0,338.95605,203.93222,-0.005859375,-0.27027893
573,4.775,0,338.95285,204.15494,-0.0032043457,0.22271729
574,4.783333333333333,0,338.96478,204.1741,0.011932373,0.019165039
575,4.791666666666667,0,338.96432,204.1866,-0.00045776367,0.012496948
576,4.8,0,338.95187,203.93343,-0.012451172,-0.25317383
577,4.808333333333334,0,338.95282,204.19106,0.0009460449,0.2576294
578,4.816666666666666,0,338.96136,204.20053,0.008544922,0.009475708
579,4.825,0,338.95663,204.11255,-0.0047302246,-0.08798218
580,4.833333333333333,0,338.95224,204.13254,-0.0043945312,0.019989014
581,4.841666666666667,0,338.96185,204.15112,0.009613037,0.018585205
582,4.85,0,338.96222,204.14989,0.00036621094,-0.0012359619
583,4.858333333333333,0,338.9463,203.96446,-0.015930176,-0.1854248
584,4.866666666666666,0,338.9226,204.0698,-0.02368164,0.10533142
585,4.875,0,338.96832,204.19287,0.045715332,0.12307739
586,4.883333333333334,0,338.94113,204.11617,-0.027191162,-0.07670593
587,4.891666666666667,0,338.91754,204.0093,-0.023590088,-0.10687256
588,4.9,0,338.93063,204.18076,0.013092041,0.17146301
589,4.908333333333333,0,338.94464,204.18324,0.014007568,0.0024871826
590,4.916666666666667,0,338.91867,203.95476,-0.025970459,-0.2284851
591,4.925,0,338.94357,204.03325,0.024902344,0.07849121
592,4.933333333333334,0,338.9631,204.1544,0.01953125,0.121154785
593,4.941666666666666,0,338.98328,204.18887,0.02017212,0.034469604
594,4.95,0,338.95956,204.16878,-0.023712158,-0.020095825
595,4.958333333333333,0,338.96262,204.17258,0.0030517578,0.0037994385
596,4.966666666666667,0,338.96225,204.17307,-0.00036621094,0.00048828125
597,4.975,0,338.9382,203.91956,-0.024047852,-0.25350952
598,4.983333333333333,0,338.93893,204.04285,0.0007324219,0.123291016
599,4.991666666666666,0,338.98032,204.20267,0.041381836,0.15982056
600,5.0,0,338.95038,203.99812,-0.029937744,-0.20454407
601,5.008333333333334,0,338.93503,203.96988,-0.015350342,-0.028244019
602,5.016666666666667,0,338.95123,204.22525,0.016204834,0.2553711
603,5.025,0,338.95673,204.18108,0.005493164,-0.044174194
604,5.033333333333333,0,338.949,203.9153,-0.0077209473,-0.2657776
605,5.041666666666667,0,338.94266,204.13872,-0.0063476562,0.22341919
606,5.05,0,338.97495,204.16147,0.032287598,0.022750854
607,5.058333333333334,0,338.97125,204.18887,-0.003692627,0.027404785
608,5.066666666666666,0,338.94672,203.96681,-0.024536133,-0.22206116
609,5.075,0,338.94464,204.21638,-0.0020751953,0.24957275
610,5.083333333333333,0,338.94632,204.17638,0.0016784668,-0.040008545
611,5.091666666666667,0,338.93283,203.92604,-0.0134887695,-0.2503357
612,5.1,0,338.93735,204.15712,0.0045166016,0.2310791
613,5.108333333333333,0,338.95703,204.18024,0.019683838,0.023117065
614,5.116666666666666,0,338.9245,203.95226,-0.03253174,-0.22798157
615,5.125,0,338.92853,203.97539,0.0040283203,0.023132324
616,5.133333333333334,0,338.95047,204.20882,0.021942139,0.23342896
617,5.141666666666667,0,338.94296,204.1602,-0.007507324,-0.048614502
618,5.15,0,338.9403,203.93694,-0.0026550293,-0.2232666
619,5.158333333333333,0,338.9417,204.15764,0.0014038086,0.22070312
620,5.166666666666667,0,338.9592,204.15887,0.017486572,0.0012359619
621,5.175,0,338.93878,203.99637,-0.02041626,-0.1625061
622,5.183333333333334,0,338.93893,204.0068,0.00015258789,0.010437012
623,5.191666666666666,0,338.97034,204.19054,0.031402588,0.18373108
624,5.2,0,338.9711,204.19492,0.00076293945,0.0043792725
625,5.208333333333333,0,338.95547,204.13446,-0.015625,-0.060455322
626,5.216666666666667,0,338.94952,204.13327,-0.0059509277,-0.0011901855
627,5.225,0,338.95505,204.16089,0.0055236816,0.027618408
628,5.233333333333333,0,338.9274,203.92024,-0.027648926,-0.24064636
629,5.241666666666666,0,338.9313,204.01108,0.00390625,0.09083557
630,5.25,0,338.95328,204.21593,0.021972656,0.20484924
631,5.258333333333334,0,338.9653,204.2166,0.012023926,0.0006713867
632,5.266666666666667,0,338.93732,203.95235,-0.02798462,-0.2642517
633,5.275,0,338.98184,204.22081,0.044525146,0.26846313
634,5.283333333333333,0,338.97406,204.20943,-0.0077819824,-0.011383057
635,5.291666666666667,0,338.9425,203.94635,-0.031555176,-0.26307678
636,5.3,0,338.9514,204.20091,0.008880615,0.25456238
637,5.308333333333334,0,338.9519,204.19992,0.0005187988,-0.0009918213
638,5.316666666666666,0,338.9516,204.01787,-0.00030517578,-0.18205261
639,5.325,0,338.94263,204.19925,-0.008972168,0.18138123
640,5.333333333333333,0,338.95416,204.19606,0.0115356445,-0.003189087
641,5.341666666666667,0,338.9596,204.19011,0.005432129,-0.0059509277
642,5.35,0,338.93628,203.93338,-0.02331543,-0.25672913
643,5.358333333333333,0,338.9202,204.10283,-0.016082764,0.16944885
644,5.366666666666666,0,338.9724,204.19058,0.052215576,0.087753296
645,5.375,0,338.94342,204.02287,-0.0289917,-0.16770935
646,5.383333333333334,0,338.93967,204.00554,-0.003753662,-0.017333984
647,5.391666666666667,0,338.971,204.19804,0.031341553,0.19250488
648,5.4,0,338.96606,204.18752,-0.0049438477,-0.010528564
649,5.408333333333333,0,338.93747,203.94191,-0.02859497,-0.24560547
650,5.416666666666667,0,338.93268,204.13293,-0.0047912598,0.19102478
651,5.425,0,338.94867,204.14755,0.015991211,0.01461792
652,5.433333333333334,0,338.91925,204.03624,-0.029418945,-0.111312866
653,5.441666666666666,0,338.95508,204.13715,0.035827637,0.10090637
654,5.45,0,338.9621,204.16812,0.007019043,0.030975342
655,5.458333333333333,0,338.9612,204.15405,-0.00088500977,-0.0140686035
656,5.466666666666667,0,338.95834,204.15012,-0.0028686523,-0.0039367676
657,5.475,0,338.96457,204.1674,0.006225586,0.017288208
658,5.483333333333333,0,338.969,204.18729,0.004425049,0.019882202
659,5.491666666666666,0,338.92972,203.98106,-0.039276123,-0.20622253
660,5.5,0,338.93076,203.9896,0.0010375977,0.008529663
661,5.508333333333334,0,338.95572,204.22987,0.024963379,0.24028015
662,5.516666666666667,0,338.94006,204.14781,-0.015655518,-0.08206177
663,5.525,0,338.93213,203.91324,-0.00793457,-0.23457336
664,5.533333333333333,0,338.94864,204.1811,0.01651001,0.26786804
665,5.541666666666667,0,338.9495,204.1776,0.0008544922,-0.0035095215
666,5.55,0,338.93765,203.91922,-0.01184082,-0.25837708
667,5.558333333333334,0,338.93964,204.00394,0.0019836426,0.0847168
668,5.566666666666666,0,338.94485,204.19972,0.005218506,0.19578552
669,5.575,0,338.9486,204.19974,0.003753662,1.5258789e-05
670,5.583333333333333,0,338.94052,203.9406,-0.008087158,-0.25914
671,5.591666666666667,0,338.93857,204.18004,-0.001953125,0.23944092
672,5.6,0,338.94025,204.17638,0.0016784668,-0.0036621094
673,5.608333333333333,0,338.91803,203.93208,-0.022216797,-0.24429321
674,5.616666666666666,0,338.93417,204.05533,0.016143799,0.12324524
675,5.625,0,338.94547,204.12097,0.011291504,0.06564331
676,5.633333333333334,0,338.9586,204.152,0.013122559,0.031021118
677,5.641666666666667,0,338.9335,204.09734,-0.02508545,-0.054656982
678,5.65,0,338.94156,204.12753,0.008056641,0.030197144
679,5.658333333333333,0,338.9535,204.12892,0.011932373,0.0013885498
680,5.666666666666667,0,338.94476,203.9292,-0.008728027,-0.19972229
681,5.675,0,338.92734,204.08313,-0.017425537,0.15393066
682,5.683333333333334,0,338.9684,204.13342,0.04107666,0.05029297
683,5.691666666666666,0,338.97534,204.16728,0.0069274902,0.033859253
684,5.7,0,338.9475,204.09021,-0.027832031,-0.07707214
685,5.708333333333333,0,338.9441,204.12434,-0.0034179688,0.03413391
686,5.716666666666667,0,338.9554,204.14911,0.0113220215,0.024765015
687,5.725,0,338.95456,204.15079,-0.0008544922,0.0016784668
688,5.733333333333333,0,338.9456,204.1132,-0.008972168,-0.037582397
689,5.741666666666666,0,338.96622,204.14825,0.020629883,0.03504944
690,5.75,0,338.96567,204.17105,-0.0005493164,0.02279663
691,5.758333333333334,0,338.9402,203.94696,-0.025482178,-0.22409058
692,5.766666666666667,0,338.93912,204.1904,-0.0010681152,0.24343872
693,5.775,0,338.95383,204.1885,0.014709473,-0.0018920898
694,5.783333333333333,0,338.92896,203.90785,-0.024871826,-0.2806549
695,5.791666666666667,0,338.92648,204.13794,-0.0024719238,0.23008728
696,5.8,0,338.96085,204.16557,0.034362793,0.027633667
697,5.808333333333334,0,338.93875,203.933,-0.022094727,-0.23257446
698,5.816666666666666,0,338.9332,203.98193,-0.005554199,0.048934937
699,5.825,0,338.9495,204.2119,0.016296387,0.22996521
700,5.833333333333333,0,338.96304,204.1913,0.013549805,-0.020599365
701,5.841666666666667,0,338.95093,204.12675,-0.0121154785,-0.06454468
702,5.85,0,338.9372,203.9165,-0.01373291,-0.21025085
703,5.858333333333333,0,338.94034,204.16011,0.0031433105,0.24360657
704,5.866666666666666,0,338.95163,204.17137,0.011291504,0.011260986
705,5.875,0,338.9537,204.018,0.0020751953,-0.15336609
706,5.883333333333334,0,338.95538,204.17029,0.0016784668,0.15228271
707,5.891666666666667,0,338.96033,204.17722,0.0049438477,0.0069274902
708,5.9,0,338.9333,203.91049,-0.027038574,-0.26672363
709,5.908333333333333,0,338.9316,204.14262,-0.0016784668,0.23213196
710,5.916666666666667,0,338.95242,204.16328,0.020812988,0.0206604
711,5.925,0,338.92953,203.92978,-0.022888184,-0.23350525
712,5.933333333333334,0,338.94083,204.02335,0.011291504,0.093566895
713,5.941666666666666,0,338.95624,204.103,0.015411377,0.07965088
714,5.95,0,338.9507,204.08559,-0.0055236816,-0.017410278
715,5.958333333333333,0,338.916,203.89568,-0.034729004,-0.18991089
716,5.966666666666667,0,338.93494,204.13733,0.018951416,0.24165344
717,5.975,0,338.93533,204.14183,0.00039672852,0.004501343
718,5.983333333333333,0,338.93683,204.14224,0.0014953613,0.0004119873
719,5.991666666666666,0,338.93658,204.07034,-0.00024414062,-0.071899414
720,6.0,0,338.97174,204.1758,0.03515625,0.10545349
721,6.008333333333334,0,338.94836,204.0421,-0.023376465,-0.13369751
722,6.016666666666667,0,338.9366,203.9974,-0.011749268,-0.044692993
723,6.025,0,338.9498,204.20364,0.013183594,0.2062378
724,6.033333333333333,0,338.972,204.20323,0.02218628,-0.0004119873
725,6.041666666666667,0,338.94778,203.93117,-0.02420044,-0.2720642
726,6.05,0,338.92896,204.1236,-0.018829346,0.19242859
727,6.058333333333334,0,338.94492,204.14354,0.015960693,0.019943237
728,6.066666666666666,0,338.9617,204.0132,0.016784668,-0.13034058
729,6.075,0,338.9386,203.98126,-0.023101807,-0.031936646
730,6.083333333333333,0,338.95236,204.19025,0.013763428,0.20898438
731,6.091666666666667,0,338.97208,204.18799,0.019714355,-0.0022583008
732,6.1,0,338.96274,204.16745,-0.009338379,-0.02053833
733,6.108333333333333,0,338.93634,203.92227,-0.026397705,-0.24517822
734,6.116666666666666,0,338.92767,204.14804,-0.008666992,0.22576904
735,6.125,0,338.93893,204.15508,0.011260986,0.0070343018
736,6.133333333333334,0,338.93484,203.9946,-0.0040893555,-0.16047668
737,6.141666666666667,0,338.92007,203.9984,-0.014770508,0.0037994385
738,6.15,0,338.92853,204.14081,0.008453369,0.14241028
739,6.158333333333333,0,338.95895,204.15823,0.030426025,0.017425537
740,6.166666666666667,0,338.95435,204.149,-0.0046081543,-0.009231567
741,6.175,0,338.96097,204.15065,0.0066223145,0.0016479492
742,6.183333333333334,0,338.96582,204.15793,0.004852295,0.0072784424
743,6.191666666666666,0,338.93817,203.9356,-0.027648926,-0.22233582
744,6.2,0,338.93527,203.94356,-0.00289917,0.007965088
745,6.208333333333333,0,338.9473,204.1715,0.012023926,0.22793579
746,6.216666666666667,0,338.9501,204.13094,0.0028076172,-0.04055786
747,6.225,0,338.91486,203.88359,-0.035247803,-0.24734497
748,6.233333333333333,0,338.9396,204.13936,0.024749756,0.25576782
749,6.241666666666666,0,338.94775,204.16272,0.008148193,0.023361206
750,6.25,0,338.94235,203.91011,-0.0054016113,-0.25260925
751,6.258333333333334,0,338.93338,203.97638,-0.008972168,0.06626892
752,6.266666666666667,0,338.99887,204.22002,0.06549072,0.24363708
753,6.275,0,338.9655,204.0288,-0.033355713,-0.19122314
754,6.283333333333333,0,338.94095,203.96552,-0.02456665,-0.0632782
755,6.291666666666667,0,338.94937,204.15916,0.008422852,0.19364929
756,6.3,0,338.97534,204.1716,0.025970459,0.012435913
757,6.308333333333334,0,338.94843,203.90613,-0.026916504,-0.2654724
758,6.316666666666666,0,338.93576,204.09573,-0.012664795,0.18960571
759,6.325,0,338.96262,204.16037,0.026855469,0.06463623
760,6.333333333333333,0,338.93878,204.06284,-0.023834229,-0.09753418
761,6.341666666666667,0,338.92267,204.00371,-0.016113281,-0.059127808
762,6.35,0,338.94946,204.17374,0.026794434,0.17002869
763,6.358333333333333,0,338.94827,204.17563,-0.0011901855,0.0018920898
764,6.366666666666666,0,338.94336,204.15906,-0.00491333,-0.016571045
765,6.375,0,338.93427,204.11539,-0.009094238,-0.043670654
766,6.383333333333334,0,338.95413,204.13965,0.019866943,0.024261475
767,6.391666666666667,0,338.9571,204.1588,0.002960205,0.01914978
768,6.4,0,338.95068,203.97833,-0.0064086914,-0.1804657
769,6.408333333333333,0,338.95605,204.16002,0.0053710938,0.1816864
770,6.416666666666667,0,338.96356,204.16638,0.007507324,0.006362915
771,6.425,0,338.96182,204.15747,-0.001739502,-0.008911133
772,6.433333333333334,0,338.91522,203.9318,-0.04660034,-0.22567749
773,6.441666666666666,0,338.95572,204.155,0.040496826,0.22320557
774,6.45,0,338.94928,203.99678,-0.006439209,-0.15821838
775,6.458333333333333,0,338.93042,203.98473,-0.018859863,-0.012054443
776,6.466666666666667,0,338.9375,204.16284,0.007080078,0.17811584
777,6.475,0,338.9386,204.12721,0.0010986328,-0.035629272
778,6.483333333333333,0,338.94427,204.11552,0.0056762695,-0.011688232
779,6.491666666666666,0,338.98712,204.16423,0.04284668,0.048706055
780,6.5,0,338.9937,204.17612,0.006591797,0.011886597
781,6.508333333333334,0,338.94058,203.9527,-0.053131104,-0.22341919
782,6.516666666666667,0,338.97333,204.20743,0.03274536,0.25473022
783,6.525,0,338.92145,203.94218,-0.051879883,-0.26524353
784,6.533333333333333,0,338.9284,204.15186,0.006958008,0.20967102
785,6.541666666666667,0,338.9483,204.1557,0.019897461,0.0038452148
786,6.55,0,338.9584,204.16397,0.010101318,0.008270264
787,6.558333333333334,0,338.9482,203.90935,-0.010192871,-0.2546234
788,6.566666666666666,0,338.95718,204.17183,0.008972168,0.2624817
789,6.575,0,338.95944,204.17464,0.0022583008,0.0028076172
790,6.583333333333333,0,338.9607,204.10562,0.0012512207,-0.0690155
791,6.591666666666667,0,338.95618,204.11765,-0.0045166016,0.012023926
792,6.6,0,338.96808,204.13931,0.0119018555,0.02166748
793,6.608333333333333,0,338.9681,204.14412,3.0517578e-05,0.0048065186
794,6.616666666666666,0,338.9273,203.91742,-0.040802002,-0.22669983
795,6.625,0,338.9195,204.00543,-0.0078125,0.088012695
796,6.633333333333334,0,338.94925,204.2095,0.029754639,0.20407104
797,6.641666666666667,0,338.93915,204.08539,-0.010101318,-0.12411499
798,6.65,0,338.9059,203.95848,-0.033233643,-0.12690735
799,6.658333333333333,0,338.9512,204.16827,0.045288086,0.20979309
800,6.666666666666667,0,338.9541,204.1681,0.00289917,-0.00016784668
801,6.675,0,338.93402,203.91125,-0.020080566,-0.2568512
802,6.683333333333334,0,338.96075,204.00743,0.026733398,0.09617615
803,6.691666666666666,0,338.98334,204.13268,0.022583008,0.12524414
804,6.7,0,338.95862,204.06549,-0.024719238,-0.06718445
805,6.708333333333333,0,338.93436,203.97995,-0.024261475,-0.08554077
806,6.716666666666667,0,338.94638,204.19212,0.012023926,0.21217346
807,6.725,0,338.95547,204.17938,0.009094238,-0.012741089
808,6.733333333333333,0,338.9323,203.90956,-0.023162842,-0.26982117
809,6.741666666666666,0,338.93182,204.11377,-0.00048828125,0.20420837
810,6.75,0,338.95764,204.16759,0.025817871,0.05381775
811,6.758333333333334,0,338.9393,203.95909,-0.018341064,-0.2084961
812,6.766666666666667,0,338.92935,203.96068,-0.0099487305,0.0015869141
813,6.775,0,338.9479,204.19412,0.018554688,0.23344421
814,6.783333333333333,0,338.96094,204.19528,0.013031006,0.001159668
815,6.791666666666667,0,338.94983,204.14787,-0.011108398,-0.047409058
816,6.8,0,338.92377,203.88629,-0.026062012,-0.26158142
817,6.808333333333334,0,338.95547,204.17314,0.031707764,0.28684998
818,6.816666666666666,0,338.9433,203.9514,-0.012176514,-0.22174072
819,6.825,0,338.9229,203.9696,-0.020385742,0.018203735
820,6.833333333333333,0,338.9466,204.1812,0.02368164,0.21159363
821,6.841666666666667,0,338.95956,204.18393,0.012969971,0.0027313232
822,6.85,0,338.9625,204.11092,0.0029296875,-0.073013306
823,6.858333333333333,0,338.93607,203.92813,-0.026428223,-0.18278503
824,6.866666666666666,0,338.9634,204.18106,0.02734375,0.2529297
825,6.875,0,338.94727,203.92517,-0.016143799,-0.2558899
826,6.883333333333334,0,338.93967,204.00305,-0.007598877,0.07788086
827,6.891666666666667,0,338.97867,204.1997,0.039001465,0.19665527
828,6.9,0,338.95676,204.12836,-0.021911621,-0.0713501
829,6.908333333333333,0,338.9429,203.90494,-0.0138549805,-0.22341919
830,6.916666666666667,0,338.98062,204.18,0.037719727,0.27505493
831,6.925,0,338.97116,204.17517,-0.009460449,-0.0048217773
832,6.933333333333334,0,338.94046,203.91379,-0.030700684,-0.26138306
833,6.941666666666666,0,338.93198,203.99036,-0.008483887,0.0765686
834,6.95,0,338.96643,204.13522,0.034454346,0.14486694
835,6.958333333333333,0,338.9441,204.07863,-0.022338867,-0.05659485
836,6.966666666666667,0,338.94324,204.09262,-0.0008544922,0.01399231
837,6.975,0,338.95898,204.12462,0.01574707,0.03199768
838,6.983333333333333,0,338.9613,204.12515,0.002319336,0.0005340576
839,6.991666666666666,0,338.92075,203.93195,-0.04055786,-0.19320679
840,7.0,0,338.91528,204.02458,-0.0054626465,0.09263611
841,7.008333333333334,0,338.96475,204.17087,0.049468994,0.14628601
842,7.016666666666667,0,338.94028,203.91647,-0.024475098,-0.25439453
843,7.025,0,338.95264,204.17203,0.012359619,0.2555542
844,7.033333333333333,0,338.95645,204.1721,0.0038146973,7.6293945e-05
845,7.041666666666667,0,338.94937,204.15686,-0.007080078,-0.01524353
846,7.05,0,338.9326,203.90129,-0.016784668,-0.25556946
847,7.058333333333334,0,338.9514,204.16643,0.018798828,0.26513672
848,7.066666666666666,0,338.96048,204.16824,0.009094238,0.0018157959
849,7.075,0,338.9557,204.04385,-0.0047912598,-0.12438965
850,7.083333333333333,0,338.9718,204.14487,0.016113281,0.10101318
851,7.091666666666667,0,338.98865,204.15178,0.016845703,0.0069122314
852,7.1,0,338.9794,204.13518,-0.009246826,-0.016601562
853,7.108333333333333,0,338.96918,204.12755,-0.010223389,-0.0076293945
854,7.116666666666666,0,338.9672,204.13515,-0.0019836426,0.007598877
855,7.125,0,338.98282,204.1564,0.015625,0.021255493
856,7.133333333333334,0,338.9489,203.97325,-0.03390503,-0.18315125
857,7.141666666666667,0,338.9615,204.17819,0.012573242,0.2049408
858,7.15,0,338.96396,204.18352,0.0024719238,0.0053253174
859,7.158333333333333,0,338.94452,203.91531,-0.019439697,-0.26820374
860,7.166666666666667,0,338.9488,204.12602,0.004272461,0.21070862
861,7.175,0,338.9621,204.1384,0.013305664,0.012374878
862,7.183333333333334,0,338.93988,203.93988,-0.022216797,-0.19851685
863,7.191666666666666,0,338.9359,203.97067,-0.003967285,0.030792236
864,7.2,0,338.94165,204.18594,0.0057373047,0.215271
865,7.208333333333333,0,338.9554,204.19241,0.013763428,0.0064697266
866,7.216666666666667,0,338.95016,204.13286,-0.0052490234,-0.059555054
867,7.225,0,338.94943,204.13318,-0.0007324219,0.00032043457
868,7.233333333333333,0,338.95477,204.15819,0.005340576,0.025009155
869,7.241666666666666,0,338.95483,204.15826,6.1035156e-05,7.6293945e-05
870,7.25,0,338.93253,203.90158,-0.02230835,-0.25668335
871,7.258333333333334,0,338.93124,204.0013,-0.0012817383,0.09971619
872,7.266666666666667,0,338.9683,204.1903,0.03704834,0.18901062
873,7.275,0,338.95493,204.09395,-0.013366699,-0.09635925
874,7.283333333333333,0,338.92352,203.93045,-0.031402588,-0.16349792
875,7.291666666666667,0,338.9412,204.18018,0.017669678,0.24972534
876,7.3,0,338.94824,204.17387,0.0070495605,-0.00630188
877,7.308333333333334,0,338.93015,203.90747,-0.018096924,-0.2664032
878,7.316666666666666,0,338.92023,204.07426,-0.009918213,0.16679382
879,7.325,0,338.959,204.15732,0.03878784,0.08305359
880,7.333333333333333,0,338.96573,204.15672,0.006713867,-0.0005950928
881,7.341666666666667,0,338.92657,203.93462,-0.039154053,-0.22210693
882,7.35,0,338.9536,204.13501,0.027038574,0.20039368
883,7.358333333333333,0,338.95688,204.14369,0.0032653809,0.008682251
884,7.366666666666666,0,338.942,203.91982,-0.014892578,-0.22387695
885,7.375,0,338.9401,204.105,-0.0018920898,0.18518066
886,7.383333333333334,0,338.95392,204.12752,0.013824463,0.022521973
887,7.391666666666667,0,338.96292,204.17836,0.009002686,0.050842285
888,7.4,0,338.93127,203.9344,-0.03164673,-0.24395752
889,7.408333333333333,0,338.9448,204.16066,0.013519287,0.22625732
890,7.416666666666667,0,338.95694,204.16786,0.012145996,0.0072021484
891,7.425,0,338.93958,203.90152,-0.017364502,-0.26634216
892,7.433333333333334,0,338.945,204.16563,0.005432129,0.26411438
893,7.441666666666666,0,338.95908,204.18336,0.0140686035,0.017730713
894,7.45,0,338.92853,203.95319,-0.030548096,-0.23017883
895,7.458333333333333,0,338.9422,204.18185,0.013671875,0.22866821
896,7.466666666666667,0,338.94934,204.18787,0.0071411133,0.006011963
897,7.475,0,338.9456,204.14435,-0.003753662,-0.043518066
898,7.483333333333333,0,338.93106,203.89572,-0.014526367,-0.24862671
899,7.491666666666666,0,338.9393,204.12427,0.008239746,0.22854614
900,7.5,0,338.9506,204.14758,0.011291504,0.02331543
901,7.508333333333334,0,338.92896,203.90916,-0.021636963,-0.23841858
902,7.516666666666667,0,338.91956,203.93924,-0.009399414,0.030075073
903,7.525,0,338.94354,204.177,0.023986816,0.23776245
904,7.533333333333333,0,338.96097,204.17822,0.017425537,0.0012207031
905,7.541666666666667,0,338.94238,203.90521,-0.018585205,-0.27301025
906,7.55,0,338.94196,204.13332,-0.0004272461,0.22810364
907,7.558333333333334,0,338.95633,204.14952,0.014373779,0.016204834
908,7.566666666666666,0,338.92233,203.91794,-0.033996582,-0.23158264
909,7.575,0,338.92575,203.97398,0.0034179688,0.056045532
910,7.583333333333333,0,338.94687,204.17189,0.021118164,0.1979065
911,7.591666666666667,0,338.9398,204.0876,-0.007080078,-0.08428955
912,7.6,0,338.91962,203.93114,-0.02017212,-0.15646362
913,7.608333333333333,0,338.93253,204.14925,0.012908936,0.21810913
914,7.616666666666666,0,338.95718,204.15062,0.024658203,0.001373291
915,7.625,0,338.9545,204.1528,-0.0026855469,0.0021820068
916,7.633333333333334,0,338.94095,204.08038,-0.013549805,-0.07241821
917,7.641666666666667,0,338.9651,204.1445,0.024139404,0.06411743
918,7.65,0,338.94498,204.08736,-0.020111084,-0.057144165
919,7.658333333333333,0,338.92426,203.96326,-0.020721436,-0.12409973
920,7.666666666666667,0,338.94803,204.16997,0.023773193,0.20671082
921,7.675,0,338.96442,204.17853,0.01638794,0.008560181
922,7.683333333333334,0,338.93008,203.91338,-0.034332275,-0.26515198
923,7.691666666666666,0,338.93866,204.02678,0.008575439,0.11340332
924,7.7,0,338.96365,204.15872,0.024993896,0.13194275
925,7.708333333333333,0,338.9674,204.16052,0.003753662,0.0018005371
